No,Keyword,Volume,Position,Estimated Visits,CPC,Paid Difficulty,SEO Difficulty,Ranking URL
1,define recipients,8100,62,17,$0,1,40,https://www.emailonacid.com/glossary/email-recipient/
2,what does recipient mean,1600,25,3,$0,1,37,https://www.emailonacid.com/glossary/email-recipient/
3,dkim,1600,44,3,$7.39,12,73,https://www.emailonacid.com/blog/article/email-deliverability/what-is-dkim-everything-you-need-to-know-about-digital-signatures/
4,mailto hyperlink,1300,19,5,$2.11,2,43,https://www.emailonacid.com/blog/article/email-development/code-mailto-links-in-email/
5,what is esps,1300,25,3,$3.28,1,40,https://www.emailonacid.com/blog/article/needs-improvement/whats-the-difference-between-an-esp-crm-and-email-testing-platform/
6,mailto links,1300,18,6,$2.11,2,54,https://www.emailonacid.com/blog/article/email-development/code-mailto-links-in-email/
7,mailto link,1300,14,11,$2.11,2,41,https://www.emailonacid.com/blog/article/email-development/code-mailto-links-in-email/
8,link mailto,1300,11,19,$2.11,2,51,https://www.emailonacid.com/blog/article/email-development/code-mailto-links-in-email/
9,bimi,1300,34,2,$4.80,10,52,https://www.emailonacid.com/blog/article/email-deliverability/bimi/
10,casl law,1300,64,2,$0,1,42,https://www.emailonacid.com/blog/article/email-marketing/casl-compliance/
11,email to link,260,21,4,$7.35,2,42,https://www.emailonacid.com/blog/article/email-development/code-mailto-links-in-email/
12,href mailto,1300,8,33,$2.11,2,55,https://www.emailonacid.com/blog/article/email-development/code-mailto-links-in-email/
13,spamhaus,1600,23,3,$2.06,1,37,https://www.emailonacid.com/blog/article/email-deliverability/spamhaus-project-blocklists/
14,plain text form,1000,9,25,$4.22,1,24,https://www.emailonacid.com/blog/article/needs-improvement/what-is-a-plain-text-email-and-when-should-i-use-one-2/
15,when was the first email sent,1000,17,5,$0,1,45,https://www.emailonacid.com/blog/article/email-marketing/history-of-email/
16,when first email sent,1000,14,9,$0,1,44,https://www.emailonacid.com/blog/article/email-marketing/history-of-email/
17,what is recipients,880,27,1,$0,1,38,https://www.emailonacid.com/glossary/email-recipient/
18,mail spf record,880,61,1,$4.07,15,67,https://www.emailonacid.com/blog/article/needs-improvement/what-is-an-spf-record-for-email/
19,mailto,880,24,2,$14,1,48,https://www.emailonacid.com/blog/article/email-development/code-mailto-links-in-email/
20,when email invented,720,8,24,$0,1,39,https://www.emailonacid.com/blog/article/email-marketing/history-of-email/
21,when was email created,720,8,24,$0,1,38,https://www.emailonacid.com/blog/article/email-marketing/history-of-email/
22,when was email invented,720,8,24,$0,1,37,https://www.emailonacid.com/blog/article/email-marketing/history-of-email/
23,when was emailing invented,720,6,47,$0,1,47,https://www.emailonacid.com/blog/article/email-marketing/history-of-email/
24,email on acid,720,1,218,$6.90,40,44,https://www.emailonacid.com/
25,media query css,720,23,1,$1.50,3,64,https://www.emailonacid.com/blog/article/email-development/emailology-media-queries-demystified-min-width-and-max-width/
26,when email was invented,720,8,24,$0,1,43,https://www.emailonacid.com/blog/article/email-marketing/history-of-email/
27,best email footers,590,51,1,$10.58,28,32,https://www.emailonacid.com/blog/article/needs-improvement/better-email-footer/
28,1st email sent,480,18,2,$0,1,42,https://www.emailonacid.com/blog/article/email-marketing/history-of-email/
29,meta.ua,480,22,1,$8.37,1,30,https://www.emailonacid.com/blog/article/email-development/demystifying-meta-tags-in-email/
30,first email sent,480,13,5,$0,1,45,https://www.emailonacid.com/blog/article/email-marketing/history-of-email/
31,customer journey map examples,480,32,1,$6.02,25,41,https://www.emailonacid.com/blog/article/email-marketing/customer-journey-map-examples/
32,email who invented,480,9,12,$0,1,41,https://www.emailonacid.com/blog/article/email-marketing/history-of-email/
33,mjml,480,36,1,$7.10,5,32,https://www.emailonacid.com/blog/article/email-development/getting-started-with-mjml/
34,who invented email,480,33,0,$0,1,34,https://www.emailonacid.com/blog/article/industry-news/who-really-invented-email/
35,samsung email dark mode,390,13,7,$0,1,24,https://www.emailonacid.com/blog/article/email-development/dark-mode-for-email/
36,when did email start,390,13,4,$0,1,47,https://www.emailonacid.com/blog/article/email-marketing/history-of-email/
37,who invented mail,480,15,3,$0,1,29,https://www.emailonacid.com/blog/article/email-marketing/history-of-email/
38,who is the email inventor,480,31,0,$0,1,50,https://www.emailonacid.com/blog/article/industry-news/who-really-invented-email/
39,who invented emails,480,15,3,$0,1,36,https://www.emailonacid.com/blog/article/email-marketing/history-of-email/
40,mail online mobile friendly,390,25,0,$0,1,35,https://www.emailonacid.com/blog/article/email-development/mobile-first-emails/
41,recipient name meaning,390,66,0,$0,1,30,https://www.emailonacid.com/glossary/email-recipient/
42,block list,390,40,0,$0,1,45,https://www.emailonacid.com/blog/article/email-deliverability/what-is-a-blocklist-and-why-is-my-domain-on-one/
43,recipient's name meaning,390,55,0,$0,1,30,https://www.emailonacid.com/glossary/email-recipient/
44,who is invented email,480,29,0,$0,1,36,https://www.emailonacid.com/blog/article/email-marketing/history-of-email/
45,spf record email,390,63,0,$2.65,14,69,https://www.emailonacid.com/blog/article/needs-improvement/what-is-an-spf-record-for-email/
46,email html link,320,9,6,$6.92,2,34,https://www.emailonacid.com/blog/article/email-development/code-mailto-links-in-email/
47,dkim record,320,44,0,$6.24,23,69,https://www.emailonacid.com/blog/article/email-deliverability/what-is-dkim-everything-you-need-to-know-about-digital-signatures/
48,mailto link html,320,6,15,$6.92,2,49,https://www.emailonacid.com/blog/article/email-development/code-mailto-links-in-email/
49,best email font,320,30,0,$0,1,37,http://www.emailonacid.com/blog/article/email-development/best-font-for-email-everything-you-need-to-know-about-email-safe-fonts/
50,best font for email,320,19,1,$0,1,32,http://www.emailonacid.com/blog/article/email-development/best-font-for-email-everything-you-need-to-know-about-email-safe-fonts/
51,html hyperlink email,320,19,1,$6.92,2,31,https://www.emailonacid.com/blog/article/email-development/code-mailto-links-in-email/
52,ads placeholder,390,61,0,$0,1,16,https://www.emailonacid.com/blog/article/email-development/placeholder-text-and-images/
53,html for email link,320,7,10,$6.92,2,45,https://www.emailonacid.com/blog/article/email-development/code-mailto-links-in-email/
54,hyperlink email html,320,17,1,$6.92,2,31,https://www.emailonacid.com/blog/article/email-development/code-mailto-links-in-email/
55,linking email html,320,19,1,$6.92,2,30,https://www.emailonacid.com/blog/article/email-development/code-mailto-links-in-email/
56,html for email templates,320,30,0,$5.01,56,52,https://www.emailonacid.com/blog/article/email-development/designing-html-emails-for-mobile-devices/
57,dmarc policy,320,13,3,$4.36,48,62,https://www.emailonacid.com/blog/article/email-deliverability/why-strong-dmarc-policy/
58,best fonts for emails,320,19,1,$0,1,32,http://www.emailonacid.com/blog/article/email-development/best-font-for-email-everything-you-need-to-know-about-email-safe-fonts/
59,email links html,320,19,1,$6.92,2,31,https://www.emailonacid.com/blog/article/email-development/code-mailto-links-in-email/
60,best email fonts,320,18,1,$0,1,32,http://www.emailonacid.com/blog/article/email-development/best-font-for-email-everything-you-need-to-know-about-email-safe-fonts/
61,html email link,320,16,1,$6.92,2,29,https://www.emailonacid.com/blog/article/email-development/code-mailto-links-in-email/
62,link mailto html,320,7,10,$6.92,2,58,https://www.emailonacid.com/blog/article/email-development/code-mailto-links-in-email/
63,best font for emails,320,15,3,$0,1,37,http://www.emailonacid.com/blog/article/email-development/best-font-for-email-everything-you-need-to-know-about-email-safe-fonts/
64,best fonts email,320,21,1,$0,1,36,http://www.emailonacid.com/blog/article/email-development/best-font-for-email-everything-you-need-to-know-about-email-safe-fonts/
65,link for email html,320,14,2,$6.92,2,26,https://www.emailonacid.com/blog/article/email-development/code-mailto-links-in-email/
66,link for email in html,320,16,1,$6.92,2,27,https://www.emailonacid.com/blog/article/email-development/code-mailto-links-in-email/
67,email link html mailto,320,5,21,$6.92,2,49,https://www.emailonacid.com/blog/article/email-development/code-mailto-links-in-email/
68,email link in html,320,11,3,$6.92,2,31,https://www.emailonacid.com/blog/article/email-development/code-mailto-links-in-email/
69,link in email html,320,15,1,$6.92,2,28,https://www.emailonacid.com/blog/article/email-development/code-mailto-links-in-email/
70,html email template,320,49,0,$5.01,56,65,https://www.emailonacid.com/blog/article/email-development/designing-html-emails-for-mobile-devices/
71,typo email,320,22,0,$0,1,23,https://www.emailonacid.com/blog/article/email-development/typo-traps-are-here/
72,email link html,320,8,8,$6.92,2,32,https://www.emailonacid.com/blog/article/email-development/code-mailto-links-in-email/
73,linking email in html,320,25,0,$6.92,2,30,https://www.emailonacid.com/blog/article/email-development/code-mailto-links-in-email/
74,email hyperlink html,320,9,6,$6.92,2,33,https://www.emailonacid.com/blog/article/email-development/code-mailto-links-in-email/
75,link in html email,320,12,6,$6.92,2,33,https://www.emailonacid.com/blog/article/email-development/code-mailto-links-in-email/
76,mailto html link,320,5,21,$6.92,2,49,https://www.emailonacid.com/blog/article/email-development/code-mailto-links-in-email/
77,mailto links html,320,4,31,$6.92,2,60,https://www.emailonacid.com/blog/article/email-development/code-mailto-links-in-email/
78,what is dkim,260,31,0,$1.96,11,49,https://www.emailonacid.com/blog/article/email-deliverability/what-is-dkim-everything-you-need-to-know-about-digital-signatures/
79,mailto html,210,8,6,$4.18,1,61,https://www.emailonacid.com/blog/article/email-development/code-mailto-links-in-email/
80,email link,260,42,0,$7.35,2,38,https://www.emailonacid.com/blog/article/email-development/code-mailto-links-in-email/
81,mailto in html,210,8,6,$0.80,3,56,https://www.emailonacid.com/blog/article/email-development/code-mailto-links-in-email/
82,email links,260,46,0,$7.35,2,33,https://www.emailonacid.com/blog/article/email-development/code-mailto-links-in-email/
83,link for email,260,46,0,$5.53,5,36,https://www.emailonacid.com/blog/article/email-development/code-mailto-links-in-email/
84,html email,260,22,0,$7.88,37,68,https://www.emailonacid.com/blog/article/email-development/email-development-best-practices-2/
85,what are spf records,210,69,0,$1.22,15,44,https://www.emailonacid.com/blog/article/needs-improvement/what-is-an-spf-record-for-email/
86,html a mailto,210,13,2,$4.18,1,61,https://www.emailonacid.com/blog/article/email-development/code-mailto-links-in-email/
87,animated gifs in emails,480,9,8,$5.09,1,38,https://www.emailonacid.com/blog/article/needs-improvement/new-ideas-for-using-animated-gifs-in-email/
88,first email,260,7,12,$0,1,42,https://www.emailonacid.com/blog/article/email-marketing/history-of-email/
89,recipient name,210,76,0,$0,1,27,https://www.emailonacid.com/glossary/email-recipient/
90,email start,210,39,0,$3.08,5,31,https://www.emailonacid.com/blog/article/email-marketing/history-of-email/
91,can-spam,210,61,0,$0,31,41,https://www.emailonacid.com/blog/article/needs-improvement/can-spam-compliance/
92,can spam,210,61,0,$0.04,31,57,https://www.emailonacid.com/blog/article/needs-improvement/can-spam-compliance/
93,html padding,210,20,0,$0,1,49,https://www.emailonacid.com/glossary/html-padding/
94,abandonment cart emails,210,27,0,$14.31,18,48,https://www.emailonacid.com/blog/article/needs-improvement/how-abandoned-cart-emails-maximize-roi/
95,email authentication,210,15,1,$10.73,32,42,https://www.emailonacid.com/blog/article/email-deliverability/email-authentication-protocols/
96,abandoned cart emails,210,26,0,$31.34,27,44,https://www.emailonacid.com/blog/article/needs-improvement/how-abandoned-cart-emails-maximize-roi/
97,mail to in html,210,5,13,$0.80,3,62,https://www.emailonacid.com/blog/article/email-development/code-mailto-links-in-email/
98,digital marketing newsletter,210,57,0,$6.38,17,47,https://www.emailonacid.com/blog/article/industry-news/marketing-newsletters/
99,name of recipient,210,60,0,$0,1,25,https://www.emailonacid.com/glossary/email-recipient/
100,padding in html,210,33,0,$0,1,43,https://www.emailonacid.com/glossary/html-padding/
101,padding html,210,28,0,$0,1,42,https://www.emailonacid.com/glossary/html-padding/
102,tracking pixels,210,19,0,$16.15,12,45,https://www.emailonacid.com/blog/article/needs-improvement/tracking-pixels-in-email-everything-you-need-to-know/
103,what is an esp,210,30,0,$0,1,35,https://www.emailonacid.com/help-article/whats-an-email-service-provider-esp/
104,what is spf record,210,58,0,$1.22,15,51,https://www.emailonacid.com/blog/article/needs-improvement/what-is-an-spf-record-for-email/
105,funny emails addresses,170,22,0,$0,1,32,https://www.emailonacid.com/blog/article/email-marketing/funny-email-examples/
106,html mailto,170,7,5,$0,1,59,https://www.emailonacid.com/blog/article/email-development/code-mailto-links-in-email/
107,funny emails,170,6,11,$0,1,29,https://www.emailonacid.com/blog/article/email-marketing/funny-email-examples/
108,when were emails invented,170,10,3,$0,1,53,https://www.emailonacid.com/blog/article/email-marketing/history-of-email/
109,spamassassin,170,24,0,$9.32,2,43,https://www.emailonacid.com/blog/article/email-deliverability/emailology-avoiding-the-assassin/
110,ridiculous email names,170,42,0,$0,1,28,https://www.emailonacid.com/blog/article/email-marketing/funny-email-examples/
111,humorous emails,170,1,51,$0,1,24,https://www.emailonacid.com/blog/article/email-marketing/funny-email-examples/
112,how to make acids,210,55,0,$0,1,41,https://www.emailonacid.com/
113,marketing email b2b,170,35,0,$138.17,37,22,https://www.emailonacid.com/blog/article/needs-improvement/b2b-best-practices/
114,funniest emails,170,8,5,$0,1,30,https://www.emailonacid.com/blog/article/email-marketing/funny-email-examples/
115,funniest email,170,9,4,$0,1,24,https://www.emailonacid.com/blog/article/email-marketing/funny-email-examples/
116,doctype,170,20,0,$2.47,1,49,https://www.emailonacid.com/glossary/html-doctype/
117,oldest email,170,9,4,$0,1,39,https://www.emailonacid.com/blog/article/email-marketing/history-of-email/
118,emailage,170,64,0,$11,42,20,https://www.emailonacid.com/
119,hilarious email addresses,170,19,0,$0,1,32,https://www.emailonacid.com/blog/article/email-marketing/funny-email-examples/
120,funny email,170,6,11,$0,1,22,https://www.emailonacid.com/blog/article/email-marketing/funny-email-examples/
121,b2b email marketing,170,37,0,$138.17,37,34,https://www.emailonacid.com/blog/article/needs-improvement/b2b-best-practices/
122,css max width,170,16,1,$0,1,46,https://www.emailonacid.com/blog/article/email-development/emailology-media-queries-demystified-min-width-and-max-width/
123,fonts for email,140,10,3,$4.77,1,38,http://www.emailonacid.com/blog/article/email-development/best-font-for-email-everything-you-need-to-know-about-email-safe-fonts/
124,font for email,140,14,1,$4.77,1,31,http://www.emailonacid.com/blog/article/email-development/best-font-for-email-everything-you-need-to-know-about-email-safe-fonts/
125,email html,140,27,0,$5.24,21,58,https://www.emailonacid.com/blog/article/email-development/code-mailto-links-in-email/
126,gifs in outlook,140,14,2,$0,1,30,https://www.emailonacid.com/blog/article/email-development/gifs-and-outlook-what-can-we-do/
127,how do you spell campaign,140,20,0,$0,1,32,https://www.emailonacid.com/spell-check/
128,how to make an email template,140,32,0,$11.80,40,47,https://www.emailonacid.com/blog/article/email-marketing/7-tips-for-email-template-success/
129,how to create email template,140,34,0,$11.80,40,47,https://www.emailonacid.com/blog/article/email-marketing/7-tips-for-email-template-success/
130,email address parts,140,76,0,$0,2,20,https://www.emailonacid.com/glossary/email-components/
131,outlook gifs,140,20,0,$4.22,1,29,https://www.emailonacid.com/blog/article/email-development/gifs-and-outlook-what-can-we-do/
132,email body,170,6,13,$0,1,31,https://www.emailonacid.com/glossary/email-body/
133,body in email,170,15,1,$0,1,23,https://www.emailonacid.com/glossary/email-body/
134,branded emails,140,46,0,$19.12,42,18,https://www.emailonacid.com/blog/article/email-marketing/email-branding/
135,how to create an email template,140,36,0,$11.80,40,47,https://www.emailonacid.com/blog/article/email-marketing/7-tips-for-email-template-success/
136,fonts in email,140,5,22,$4.77,1,45,http://www.emailonacid.com/blog/article/email-development/best-font-for-email-everything-you-need-to-know-about-email-safe-fonts/
137,how to make email templates,140,25,0,$11.80,40,36,https://www.emailonacid.com/blog/article/email-marketing/7-tips-for-email-template-success/
138,max width css,170,16,0,$0,1,48,https://www.emailonacid.com/blog/article/email-development/emailology-media-queries-demystified-min-width-and-max-width/
139,email address components,140,27,0,$0,2,20,https://www.emailonacid.com/glossary/email-components/
140,email font,140,24,0,$4.77,1,26,http://www.emailonacid.com/blog/article/email-development/best-font-for-email-everything-you-need-to-know-about-email-safe-fonts/
141,email fonts,110,7,9,$5.65,1,38,http://www.emailonacid.com/blog/article/email-development/best-font-for-email-everything-you-need-to-know-about-email-safe-fonts/
142,email updates,170,25,0,$1.02,3,51,https://www.emailonacid.com/blog/article/needs-improvement/whats-new-with-gmail-and-what-does-the-future-hold/
143,royal mail font,140,48,0,$0,1,24,http://www.emailonacid.com/blog/article/email-development/best-font-for-email-everything-you-need-to-know-about-email-safe-fonts/
144,fonts for emails,140,9,4,$4.77,1,31,http://www.emailonacid.com/blog/article/email-development/best-font-for-email-everything-you-need-to-know-about-email-safe-fonts/
145,bimi record,140,43,0,$1.55,34,43,https://www.emailonacid.com/blog/article/email-deliverability/bimi/
146,html for email,140,22,0,$10.85,30,59,https://www.emailonacid.com/blog/article/email-development/code-mailto-links-in-email/
147,code in email,110,39,0,$0,4,28,https://www.emailonacid.com/blog/article/email-development/the-benefits-of-properly-formatted-email-code/
148,parts of email,140,17,0,$0,1,34,https://www.emailonacid.com/glossary/email-components/
149,those emails,90,17,0,$10.27,2,44,https://www.emailonacid.com/blog/article/email-marketing/history-of-email/
150,email to,110,7,5,$0,1,50,https://www.emailonacid.com/blog/article/email-development/code-mailto-links-in-email/
151,create mailto link,110,43,0,$0.02,3,36,https://www.emailonacid.com/blog/article/email-development/code-mailto-links-in-email/
152,light mode vs dark mode,110,48,0,$0,1,40,https://www.emailonacid.com/blog/article/needs-improvement/dark-mode-vs-light-mode-ux-debate/
153,embed video in emails,110,42,0,$6.27,15,42,https://www.emailonacid.com/blog/article/email-development/a-how-to-guide-to-embedding-html5-video-in-email/
154,what are email attachments,110,29,0,$0,1,25,https://www.emailonacid.com/glossary/email-attachment/
155,what is an email attachment,110,35,0,$0,1,21,https://www.emailonacid.com/glossary/email-attachment/
156,can't spam act,110,91,0,$0,1,51,https://www.emailonacid.com/blog/article/needs-improvement/can-spam-compliance/
157,video embedded email,110,48,0,$3.97,10,41,https://www.emailonacid.com/blog/article/email-development/a-how-to-guide-to-embedding-html5-video-in-email/
158,origin of email,110,4,17,$0,1,53,https://www.emailonacid.com/blog/article/email-marketing/history-of-email/
159,what is an attachment in email,110,57,0,$0,1,28,https://www.emailonacid.com/glossary/email-attachment/
160,email parts,140,24,0,$0,1,25,https://www.emailonacid.com/glossary/email-components/
161,smtp stand for,110,38,0,$0,1,41,https://www.emailonacid.com/glossary/smtp/
162,video embedded in email,110,28,0,$6.27,15,42,https://www.emailonacid.com/blog/article/email-development/a-how-to-guide-to-embedding-html5-video-in-email/
163,history of email,110,3,17,$0,1,42,https://www.emailonacid.com/blog/article/email-marketing/history-of-email/
164,rollover effect in css,110,14,1,$0,2,43,https://www.emailonacid.com/blog/article/email-development/css-hover-effects-and-rollovers/
165,what does recipient name mean,110,48,0,$0,1,27,https://www.emailonacid.com/glossary/email-recipient/
166,email copywriting,110,65,0,$0.55,32,42,https://www.emailonacid.com/blog/article/needs-improvement/email-copywriting-tips/
167,embed video into email,110,19,0,$6.27,15,44,https://www.emailonacid.com/blog/article/email-development/a-how-to-guide-to-embedding-html5-video-in-email/
168,copywriting for emails,110,54,0,$0.55,32,21,https://www.emailonacid.com/blog/article/needs-improvement/email-copywriting-tips/
169,what is an attachment on an email,110,38,0,$0,1,24,https://www.emailonacid.com/glossary/email-attachment/
170,embed video in email,110,10,2,$6.27,15,40,https://www.emailonacid.com/blog/article/email-development/a-how-to-guide-to-embedding-html5-video-in-email/
171,video embed email,110,15,1,$6.27,15,41,https://www.emailonacid.com/blog/article/email-development/a-how-to-guide-to-embedding-html5-video-in-email/
172,what are attachments in email,110,53,0,$0,1,28,https://www.emailonacid.com/glossary/email-attachment/
173,what is email attachment,110,32,0,$0,1,22,https://www.emailonacid.com/glossary/email-attachment/
174,part of email,110,32,0,$0,2,15,https://www.emailonacid.com/glossary/email-components/
175,email video embed,110,16,0,$6.27,15,41,https://www.emailonacid.com/blog/article/email-development/a-how-to-guide-to-embedding-html5-video-in-email/
176,video embed in email,110,25,0,$3.97,10,44,https://www.emailonacid.com/blog/article/email-development/a-how-to-guide-to-embedding-html5-video-in-email/
177,what is attachment in email,110,45,0,$0,1,27,https://www.emailonacid.com/glossary/email-attachment/
178,linking email,110,46,0,$0,3,21,https://www.emailonacid.com/blog/article/email-development/code-mailto-links-in-email/
179,what is an attachment in an email,110,47,0,$0,1,24,https://www.emailonacid.com/glossary/email-attachment/
180,rollover effect css,110,18,0,$0,2,41,https://www.emailonacid.com/blog/article/email-development/css-hover-effects-and-rollovers/
181,mailto with subject,110,32,0,$0,1,34,https://www.emailonacid.com/blog/article/email-development/code-mailto-links-in-email/
182,esp in email marketing,90,22,0,$0,5,36,https://www.emailonacid.com/blog/article/needs-improvement/whats-the-difference-between-an-esp-crm-and-email-testing-platform/
183,open rate email,90,70,0,$0,5,61,https://www.emailonacid.com/blog/article/uncategorized/increase-email-open-rates-complete-guide/
184,domain key dkim,110,47,0,$3.58,15,61,https://www.emailonacid.com/blog/article/email-deliverability/what-is-dkim-everything-you-need-to-know-about-digital-signatures/
185,email coding,110,3,14,$0,4,61,https://www.emailonacid.com/blog/article/email-development/email-coding-101/
186,email opening rate,90,73,0,$0,5,69,https://www.emailonacid.com/blog/article/uncategorized/increase-email-open-rates-complete-guide/
187,recipient address,90,35,0,$0,1,19,https://www.emailonacid.com/glossary/email-recipient/
188,open rate for emails,90,59,0,$0,5,70,https://www.emailonacid.com/blog/article/uncategorized/increase-email-open-rates-complete-guide/
189,open rates for emails,90,75,0,$0,5,71,https://www.emailonacid.com/blog/article/uncategorized/increase-email-open-rates-complete-guide/
190,recipient's address,90,42,0,$0,1,24,https://www.emailonacid.com/glossary/email-recipient/
191,esps marketing,90,16,0,$0,5,33,https://www.emailonacid.com/blog/article/needs-improvement/whats-the-difference-between-an-esp-crm-and-email-testing-platform/
192,esp in marketing,90,22,0,$0,5,34,https://www.emailonacid.com/blog/article/needs-improvement/whats-the-difference-between-an-esp-crm-and-email-testing-platform/
193,how to send email link,90,45,0,$0,1,32,https://www.emailonacid.com/blog/article/email-development/code-mailto-links-in-email/
194,what is spf for email,90,55,0,$0.46,11,63,https://www.emailonacid.com/blog/article/needs-improvement/what-is-an-spf-record-for-email/
195,link email address,90,57,0,$0,1,28,https://www.emailonacid.com/blog/article/email-development/code-mailto-links-in-email/
196,building email templates,110,32,0,$36.84,52,59,https://www.emailonacid.com/blog/article/email-marketing/7-tips-for-email-template-success/
197,email recipient,90,4,14,$0,2,20,https://www.emailonacid.com/glossary/email-recipient/
198,ghost tables,90,14,1,$0.60,100,16,https://www.emailonacid.com/blog/article/email-development/using-ghost-columns-to-fix-alignment-problems-in-outlook/
199,mailto with subject,110,32,0,$0,1,34,https://www.emailonacid.com/blog/article/email-development/code-mailto-links-in-email/
200,esp in email marketing,90,22,0,$0,5,36,https://www.emailonacid.com/blog/article/needs-improvement/whats-the-difference-between-an-esp-crm-and-email-testing-platform/
201,ghost tables,90,14,1,$0.60,100,16,https://www.emailonacid.com/blog/article/email-development/using-ghost-columns-to-fix-alignment-problems-in-outlook/
202,open email rate,90,68,0,$0,5,63,https://www.emailonacid.com/blog/article/uncategorized/increase-email-open-rates-complete-guide/
203,mail to,90,16,0,$0,1,60,https://www.emailonacid.com/blog/article/email-development/code-mailto-links-in-email/
204,how to embed video in email,90,13,1,$4.45,15,34,https://www.emailonacid.com/blog/article/email-development/a-how-to-guide-to-embedding-html5-video-in-email/
205,mail dkim,110,32,0,$3.58,15,73,https://www.emailonacid.com/blog/article/email-deliverability/what-is-dkim-everything-you-need-to-know-about-digital-signatures/
206,open rate emails,90,68,0,$0,5,69,https://www.emailonacid.com/blog/article/uncategorized/increase-email-open-rates-complete-guide/
207,deliberate writer certain to feature in promotion,90,42,0,$3.30,1,18,https://www.emailonacid.com/blog/article/email-development/how-to-display-images-and-offer-information-in-the-gmail-promotions-tab-free-tool/
208,email address hyperlink,90,47,0,$0,1,31,https://www.emailonacid.com/blog/article/email-development/code-mailto-links-in-email/
209,link to email address,90,54,0,$0,1,30,https://www.emailonacid.com/blog/article/email-development/code-mailto-links-in-email/
210,when were emails first used,90,8,3,$0,1,39,https://www.emailonacid.com/blog/article/email-marketing/history-of-email/
211,animated gifs examples,90,42,0,$2.90,2,31,https://www.emailonacid.com/blog/article/needs-improvement/5-brands-that-are-using-gifs-to-elevate-their-email-marketing/
212,esp marketing,90,18,0,$0,5,34,https://www.emailonacid.com/blog/article/needs-improvement/whats-the-difference-between-an-esp-crm-and-email-testing-platform/
213,smtp definition,90,74,0,$0,5,37,https://www.emailonacid.com/glossary/smtp/
214,what is recipient name,90,71,0,$0,1,27,https://www.emailonacid.com/glossary/email-recipient/
215,what is spf record in email,90,49,0,$0.46,11,65,https://www.emailonacid.com/blog/article/needs-improvement/what-is-an-spf-record-for-email/
216,email buttons,90,21,0,$0,8,38,https://www.emailonacid.com/blog/article/email-development/simple-code-based-bulletproof-button/
217,send html email in outlook,90,26,0,$0,4,31,https://www.emailonacid.com/blog/article/email-development/how-to-create-excellent-emails-for-outlook-com/
218,email recipients,90,2,27,$0,2,23,https://www.emailonacid.com/glossary/email-recipient/
219,mailgun pricing plan,90,36,0,$5.22,63,31,https://www.emailonacid.com/pricing/
220,what is a recipient name,90,64,0,$0,1,25,https://www.emailonacid.com/glossary/email-recipient/
221,mailto subject,110,13,1,$0,2,31,https://www.emailonacid.com/blog/article/email-development/code-mailto-links-in-email/
222,html emails in outlook,110,8,4,$10.72,10,35,https://www.emailonacid.com/blog/article/email-development/how-to-code-emails-for-outlook/
223,what is html in email,90,11,1,$3.62,14,51,https://www.emailonacid.com/blog/article/email-development/email-development-best-practices-2/
224,abandoned cart email subject lines,70,28,0,$0.56,3,37,https://www.emailonacid.com/blog/article/needs-improvement/how-abandoned-cart-emails-maximize-roi/
225,customer experience mapping tool,90,27,0,$30.23,49,53,https://www.emailonacid.com/blog/article/email-marketing/best-customer-journey-mapping-tools-email/
226,customer journey map tool,70,29,0,$21.58,38,54,https://www.emailonacid.com/blog/article/email-marketing/best-customer-journey-mapping-tools-email/
227,email background,70,7,3,$0,2,23,https://www.emailonacid.com/blog/article/email-development/html-background-images-in-email/
228,email header design,70,46,0,$21.77,10,27,https://www.emailonacid.com/blog/article/needs-improvement/email-header-design/
229,email headers design,70,43,0,$21.77,10,27,https://www.emailonacid.com/blog/article/needs-improvement/email-header-design/
230,permission based marketing,70,86,0,$0.26,32,43,https://www.emailonacid.com/blog/article/email-marketing/insights-permission-marketing/
231,html test email,90,11,0,$4.78,35,38,https://www.emailonacid.com/blog/article/email-development/strategies-for-email-testing/
232,best fonts for email,70,18,0,$0,1,23,http://www.emailonacid.com/blog/article/email-development/best-font-for-email-everything-you-need-to-know-about-email-safe-fonts/
233,email header examples,70,59,0,$0,3,43,https://www.emailonacid.com/blog/article/needs-improvement/email-header-design/
234,emailvision,70,76,0,$0.07,12,21,https://www.emailonacid.com/blog/article/needs-improvement/email-automation-best-tools/
235,embed video in email outlook,70,41,0,$0,1,45,https://www.emailonacid.com/blog/article/email-development/a-how-to-guide-to-embedding-html5-video-in-email/
236,esps email,70,33,0,$18.94,26,39,https://www.emailonacid.com/blog/article/needs-improvement/whats-the-difference-between-an-esp-crm-and-email-testing-platform/
237,rollover image,70,22,0,$0,1,23,https://www.emailonacid.com/blog/article/email-development/how-to-create-responsive-rollover-images-for-email/
238,html mailto link,70,4,6,$0,1,59,https://www.emailonacid.com/blog/article/email-development/code-mailto-links-in-email/
239,customer journey mapping tool,70,27,0,$21.58,38,54,https://www.emailonacid.com/blog/article/email-marketing/best-customer-journey-mapping-tools-email/
240,gmail or apple mail,70,32,0,$0,1,29,https://www.emailonacid.com/blog/article/email-development/gmail-vs-apple-mail/
241,apology in email,70,15,0,$0,1,22,https://www.emailonacid.com/blog/article/needs-improvement/apology-email/
242,dark mode logo,70,2,21,$0,1,27,https://www.emailonacid.com/blog/article/email-development/dark-mode-logo-problems/
243,email to url,70,48,0,$8.83,7,38,https://www.emailonacid.com/blog/article/email-development/code-mailto-links-in-email/
244,email tracking pixel,70,27,0,$13.47,9,29,https://www.emailonacid.com/blog/article/needs-improvement/tracking-pixels-in-email-everything-you-need-to-know/
245,tool for customer journey mapping,70,24,0,$21.58,38,53,https://www.emailonacid.com/blog/article/email-marketing/best-customer-journey-mapping-tools-email/
246,mailto link in html,70,5,4,$0,1,59,https://www.emailonacid.com/blog/article/email-development/code-mailto-links-in-email/
247,mailto link with subject,70,15,0,$0.51,2,32,https://www.emailonacid.com/blog/article/email-development/code-mailto-links-in-email/
248,a href mailto,70,11,1,$0,1,58,https://www.emailonacid.com/blog/article/email-development/code-mailto-links-in-email/
249,attachment for email,70,41,0,$0,1,25,https://www.emailonacid.com/glossary/email-attachment/
250,how to create html emails,70,20,0,$6.88,74,42,https://www.emailonacid.com/blog/article/email-development/designing-html-emails-for-mobile-devices/
251,html email link mailto,70,5,4,$0,1,63,https://www.emailonacid.com/blog/article/email-development/code-mailto-links-in-email/
252,permission marketing,70,26,0,$0,12,49,https://www.emailonacid.com/blog/article/email-marketing/insights-permission-marketing/
253,how to create a mailto link,70,19,0,$6.13,7,37,https://www.emailonacid.com/blog/article/email-development/code-mailto-links-in-email/
254,how to make html email,70,27,0,$6.88,74,41,https://www.emailonacid.com/blog/article/email-development/designing-html-emails-for-mobile-devices/
255,what does smtp mean,70,81,0,$0,1,40,https://www.emailonacid.com/glossary/smtp/
256,customer journey mapping software,70,25,0,$12.57,55,52,https://www.emailonacid.com/blog/article/email-marketing/best-customer-journey-mapping-tools-email/
257,embed video in outlook email,70,48,0,$0,1,45,https://www.emailonacid.com/blog/article/email-development/a-how-to-guide-to-embedding-html5-video-in-email/
258,email url,70,27,0,$3.81,5,35,https://www.emailonacid.com/blog/article/email-development/code-mailto-links-in-email/
259,customer journey mapping tools,90,31,0,$30.16,18,53,https://www.emailonacid.com/blog/article/email-marketing/best-customer-journey-mapping-tools-email/
260,html mailto code,70,3,11,$8.86,2,59,https://www.emailonacid.com/blog/article/email-development/code-mailto-links-in-email/
261,email automation tools,70,28,0,$85.40,68,64,https://www.emailonacid.com/blog/article/needs-improvement/email-automation-best-tools/
262,gmail fonts,70,10,1,$0,1,33,https://www.emailonacid.com/blog/article/email-development/web-fonts-google-fonts/
263,customer journey map tools,70,26,0,$21.58,38,49,https://www.emailonacid.com/blog/article/email-marketing/best-customer-journey-mapping-tools-email/
264,what is aria label,70,69,0,$0,1,44,https://www.emailonacid.com/glossary/aria-label/
265,animations in email,70,32,0,$4.54,9,20,https://www.emailonacid.com/blog/article/email-development/css-animations/
266,link mail,70,14,0,$0,2,53,https://www.emailonacid.com/blog/article/email-development/code-mailto-links-in-email/
267,esp email,70,22,0,$18.94,26,37,https://www.emailonacid.com/help-article/whats-an-email-service-provider-esp/
268,fonts for gmail,70,10,1,$0,1,27,https://www.emailonacid.com/blog/article/email-development/web-fonts-google-fonts/
269,gmail vs apple mail,70,27,0,$0,1,23,https://www.emailonacid.com/blog/article/email-development/gmail-vs-apple-mail/
270,spell checker email,70,18,0,$3.33,6,60,https://www.emailonacid.com/blog/article/eoa-news/email-spell-check-spell-check-emails-before-sending-with-email-on-acid/
271,mailto html code,70,3,11,$8.86,2,60,https://www.emailonacid.com/blog/article/email-development/code-mailto-links-in-email/
272,mailto hyperlink with subject,70,19,0,$0.51,2,28,https://www.emailonacid.com/blog/article/email-development/code-mailto-links-in-email/
273,make html emails,70,10,1,$14.84,77,46,https://www.emailonacid.com/blog/article/email-development/designing-html-emails-for-mobile-devices/
274,mailto code html,70,3,11,$0,1,59,https://www.emailonacid.com/blog/article/email-development/code-mailto-links-in-email/
275,create html email,70,28,0,$14.24,70,58,https://www.emailonacid.com/blog/article/email-development/designing-html-emails-for-mobile-devices/
276,dark mode logos,70,5,6,$0,1,28,https://www.emailonacid.com/blog/article/email-development/dark-mode-logo-problems/
277,apologize for email,70,16,0,$0,1,26,https://www.emailonacid.com/blog/article/needs-improvement/apology-email/
278,mailto hyperlink html,70,5,4,$0,1,57,https://www.emailonacid.com/blog/article/email-development/code-mailto-links-in-email/
279,marketing email solutions,70,36,0,$60.18,25,65,https://www.emailonacid.com/blog/article/needs-improvement/email-automation-best-tools/
280,marketing preferences,70,95,0,$0,2,26,https://www.emailonacid.com/blog/article/needs-improvement/email-preference-centers-improve-the-unsubscribe-process/
281,tools for customer journey mapping,70,28,0,$21.58,38,49,https://www.emailonacid.com/blog/article/email-marketing/best-customer-journey-mapping-tools-email/
282,what is an html email,90,13,1,$3.62,14,45,https://www.emailonacid.com/blog/article/email-development/email-development-best-practices-2/
283,what is html email,90,16,0,$3.62,14,43,https://www.emailonacid.com/blog/article/email-development/email-development-best-practices-2/
284,sales newsletters,70,90,0,$0,2,21,https://www.emailonacid.com/blog/article/industry-news/marketing-newsletters/
285,apologize in email,70,11,1,$0,1,27,https://www.emailonacid.com/blog/article/needs-improvement/apology-email/
286,email preheader,70,52,0,$0,7,41,https://www.emailonacid.com/blog/article/email-development/tips-for-coding-email-preheaders/
287,email safe fonts,70,4,6,$0,3,40,http://www.emailonacid.com/blog/article/email-development/best-font-for-email-everything-you-need-to-know-about-email-safe-fonts/
288,apology email,70,11,1,$0.36,3,21,https://www.emailonacid.com/blog/article/needs-improvement/apology-email/
289,bimi email,90,76,0,$1.06,24,46,https://www.emailonacid.com/blog/article/needs-improvement/how-to-implement-bimi-guide/
290,cart abandonment email subject lines,70,38,0,$4.27,3,39,https://www.emailonacid.com/blog/article/needs-improvement/how-abandoned-cart-emails-maximize-roi/
291,design html email,70,27,0,$14.84,77,69,https://www.emailonacid.com/blog/article/email-development/designing-html-emails-for-mobile-devices/
292,test html email,90,9,1,$2.83,23,27,https://www.emailonacid.com/blog/article/email-development/strategies-for-email-testing/
293,email html code,70,36,0,$4.09,20,46,https://www.emailonacid.com/blog/article/email-development/designing-html-emails-for-mobile-devices/
294,apple mail vs gmail,70,29,0,$0,1,19,https://www.emailonacid.com/blog/article/email-development/gmail-vs-apple-mail/
295,recipient address meaning,70,17,0,$0,1,17,https://www.emailonacid.com/glossary/email-recipient/
296,what is a html email,90,21,0,$3.62,14,42,https://www.emailonacid.com/blog/article/email-development/email-development-best-practices-2/
297,good email fonts,70,20,0,$0,1,23,http://www.emailonacid.com/blog/article/email-development/best-font-for-email-everything-you-need-to-know-about-email-safe-fonts/
298,how to design html email,70,15,0,$6.88,74,47,https://www.emailonacid.com/blog/article/email-development/designing-html-emails-for-mobile-devices/
299,interactive emails,70,11,1,$8.12,11,38,https://www.emailonacid.com/blog/article/email-development/5-new-ways-to-use-interactive-email-elements/
300,apologies in email,70,16,0,$0,1,25,https://www.emailonacid.com/blog/article/needs-improvement/apology-email/
301,create html emails,70,21,0,$14.84,77,69,https://www.emailonacid.com/blog/article/email-development/designing-html-emails-for-mobile-devices/
302,media query css mobile,50,10,0,$0,4,46,https://www.emailonacid.com/blog/article/email-development/emailology-media-queries-demystified-min-width-and-max-width/
303,onboarding emails examples,50,33,0,$0,1,39,https://www.emailonacid.com/blog/article/needs-improvement/onboarding-email-examples/
304,preview text in email,50,85,0,$0,3,24,https://www.emailonacid.com/blog/article/needs-improvement/5-preheader-text-ideas-to-increase-your-email-effectiveness/
305,nurture email campaign,50,54,0,$41.97,10,45,https://www.emailonacid.com/blog/article/needs-improvement/nurture-campaign-strategy/
306,mailto in html code,70,3,8,$8.86,2,59,https://www.emailonacid.com/blog/article/email-development/code-mailto-links-in-email/
307,email marketing strategy for b2b,70,22,0,$0,28,37,https://www.emailonacid.com/blog/article/needs-improvement/b2b-best-practices/
308,media query for mobile,50,13,0,$0,3,46,https://www.emailonacid.com/blog/article/email-development/emailology-media-queries-demystified-min-width-and-max-width/
309,media screen css,50,8,1,$1.01,7,65,https://www.emailonacid.com/blog/article/email-development/emailology-media-queries-demystified-min-width-and-max-width/
310,nurture email campaigns,50,39,0,$18.49,38,41,https://www.emailonacid.com/blog/article/needs-improvement/nurture-campaign-strategy/
311,good abandoned cart email,50,27,0,$3.78,60,37,https://www.emailonacid.com/blog/article/needs-improvement/how-abandoned-cart-emails-maximize-roi/
312,b2b email marketing examples,70,30,0,$5.27,8,34,https://www.emailonacid.com/blog/article/needs-improvement/5-b2b-email-marketing-techniques-that-can-boost-engagement-and-conversions/
313,best abandoned cart emails,50,27,0,$3.89,39,47,https://www.emailonacid.com/blog/article/needs-improvement/how-abandoned-cart-emails-maximize-roi/
314,utm medium,50,16,0,$77.36,19,36,https://www.emailonacid.com/blog/article/needs-improvement/how-to-use-utm-parameters-in-email-utm-parameter-checker/
315,mailto email,50,32,0,$10.28,6,40,https://www.emailonacid.com/blog/article/email-development/code-mailto-links-in-email/
316,great abandoned cart emails,50,26,0,$3.89,39,50,https://www.emailonacid.com/blog/article/needs-improvement/how-abandoned-cart-emails-maximize-roi/
317,recipient email,50,5,8,$0,3,25,https://www.emailonacid.com/glossary/email-recipient/
318,spamassassin score,50,7,2,$0,1,41,https://www.emailonacid.com/blog/article/email-deliverability/emailology-avoiding-the-assassin/
319,mobile media query css,50,10,0,$0,4,57,https://www.emailonacid.com/blog/article/email-development/emailology-media-queries-demystified-min-width-and-max-width/
320,plain text vs rich text,50,24,0,$0,1,24,https://www.emailonacid.com/blog/article/needs-improvement/what-is-a-plain-text-email-and-when-should-i-use-one-2/
321,recipient email meaning,50,4,8,$0,1,28,https://www.emailonacid.com/glossary/email-recipient/
322,spamassassin scores,50,10,0,$0,1,41,https://www.emailonacid.com/blog/article/email-deliverability/emailology-avoiding-the-assassin/
323,mail to email,50,17,0,$10.28,6,63,https://www.emailonacid.com/blog/article/email-development/code-mailto-links-in-email/
324,media query mobile css,50,10,0,$0,4,46,https://www.emailonacid.com/blog/article/email-development/emailology-media-queries-demystified-min-width-and-max-width/
325,mobile css media query,50,9,1,$0,4,49,https://www.emailonacid.com/blog/article/email-development/emailology-media-queries-demystified-min-width-and-max-width/
326,mobile media query,50,10,0,$0,3,59,https://www.emailonacid.com/blog/article/email-development/emailology-media-queries-demystified-min-width-and-max-width/
327,preview text email,50,90,0,$0,3,24,https://www.emailonacid.com/blog/article/needs-improvement/5-preheader-text-ideas-to-increase-your-email-effectiveness/
328,recipients email,50,5,8,$0,3,25,https://www.emailonacid.com/glossary/email-recipient/
329,thought leaders in marketing,50,32,0,$17.42,16,34,https://www.emailonacid.com/blog/article/email-marketing/email-marketing-thought-leaders/
330,link email to,50,25,0,$6.14,11,30,https://www.emailonacid.com/blog/article/email-development/code-mailto-links-in-email/
331,html email design,50,25,0,$2.90,43,65,https://www.emailonacid.com/blog/article/email-development/designing-html-emails-for-mobile-devices/
332,outlook code block,70,13,0,$0,1,29,https://www.emailonacid.com/tip/outlook-com/
333,plain text emails,50,3,8,$0,3,38,https://www.emailonacid.com/blog/article/needs-improvement/what-is-a-plain-text-email-and-when-should-i-use-one-2/
334,spam newsletters,50,51,0,$0,3,22,https://www.emailonacid.com/blog/article/needs-improvement/annoy-email-subscribers/
335,max width,50,19,0,$0,1,71,https://www.emailonacid.com/blog/article/email-development/emailology-media-queries-demystified-min-width-and-max-width/
336,media query css for mobile,50,10,0,$0,4,49,https://www.emailonacid.com/blog/article/email-development/emailology-media-queries-demystified-min-width-and-max-width/
337,b2b marketing email examples,70,25,0,$5.27,8,39,https://www.emailonacid.com/blog/article/needs-improvement/5-b2b-email-marketing-techniques-that-can-boost-engagement-and-conversions/
338,what is email body,50,13,0,$0,1,21,https://www.emailonacid.com/glossary/email-body/
339,mailto html tags,70,10,0,$8.86,2,54,https://www.emailonacid.com/blog/article/email-development/code-mailto-links-in-email/
340,onboarding email example,50,32,0,$0,1,44,https://www.emailonacid.com/blog/article/needs-improvement/onboarding-email-examples/
341,what is dkim in email,50,25,0,$0,8,45,https://www.emailonacid.com/blog/article/email-deliverability/what-is-dkim-everything-you-need-to-know-about-digital-signatures/
342,recipient meaning in letter,50,55,0,$0,1,38,https://www.emailonacid.com/glossary/email-recipient/
343,plain text email,50,5,4,$0,3,39,https://www.emailonacid.com/blog/article/needs-improvement/what-is-a-plain-text-email-and-when-should-i-use-one-2/
344,email b2b,50,30,0,$93.48,30,16,https://www.emailonacid.com/blog/article/needs-improvement/b2b-best-practices/
345,email marketing definitions,70,2,15,$0,2,43,https://www.emailonacid.com/blog/article/needs-improvement/email-marketing-terms/
346,b2b email marketing strategy,70,31,0,$0,1,22,https://www.emailonacid.com/blog/article/needs-improvement/b2b-best-practices/
347,mailto html tag,70,7,1,$8.86,2,56,https://www.emailonacid.com/blog/article/email-development/code-mailto-links-in-email/
348,unicode email,50,19,0,$0,1,45,https://www.emailonacid.com/blog/article/email-development/the-importance-of-content-type-character-encoding-in-html-emails/
349,marketing newsletters,50,58,0,$18.31,61,43,https://www.emailonacid.com/blog/article/industry-news/marketing-newsletters/
350,spamhaus blocklist,50,31,0,$16.74,6,59,https://www.emailonacid.com/blog/article/email-deliverability/spamhaus-project-blocklists/
351,outsourced email marketing,50,16,0,$0,6,26,https://www.emailonacid.com/blog/article/email-marketing/outsourcing-email-marketing/
352,insert html outlook,50,49,0,$0,1,28,https://www.emailonacid.com/blog/article/email-development/how-to-create-excellent-emails-for-outlook-com/
353,what year was email invented,50,9,1,$0,1,47,https://www.emailonacid.com/blog/article/email-marketing/history-of-email/
354,mailto subject line,50,26,0,$0,4,36,https://www.emailonacid.com/blog/article/email-development/code-mailto-links-in-email/
355,href email,40,15,0,$0,2,56,https://www.emailonacid.com/blog/article/email-development/code-mailto-links-in-email/
356,preview email html,50,33,0,$6.13,28,28,https://www.emailonacid.com/blog/article/email-development/email-preview-tool/
357,journey mapping tools,50,30,0,$19.79,61,54,https://www.emailonacid.com/blog/article/email-marketing/best-customer-journey-mapping-tools-email/
358,mailto with subject line,50,25,0,$0,1,36,https://www.emailonacid.com/blog/article/email-development/code-mailto-links-in-email/
359,spamhaus ip block list,50,63,0,$0,5,55,https://www.emailonacid.com/blog/article/email-deliverability/spamhaus-project-blocklists/
360,putsmail,50,12,0,$11.69,61,24,https://www.emailonacid.com/blog/article/needs-improvement/top-email-testing-tools-to-preview-your-email/
361,spamhaus block list,50,28,0,$16.74,6,50,https://www.emailonacid.com/blog/article/email-deliverability/spamhaus-project-blocklists/
362,sample html email,50,15,0,$4.42,32,41,https://www.emailonacid.com/blog/article/email-development/designing-html-emails-for-mobile-devices/
363,spf meaning email,50,46,0,$0,6,40,https://www.emailonacid.com/blog/article/needs-improvement/what-is-an-spf-record-for-email/
364,most annoying email newsletters to sign up for,50,13,0,$5.51,19,29,https://www.emailonacid.com/blog/article/needs-improvement/annoy-email-subscribers/
365,outsource email marketing,50,10,0,$0,6,28,https://www.emailonacid.com/blog/article/email-marketing/outsourcing-email-marketing/
366,mailto href,40,14,0,$0,1,64,https://www.emailonacid.com/blog/article/email-development/code-mailto-links-in-email/
367,outlook mail format,50,29,0,$0,1,30,https://www.emailonacid.com/blog/article/email-development/how-to-create-excellent-emails-for-outlook-com/
368,top newsletters,110,52,0,$1.61,51,21,https://www.emailonacid.com/blog/article/industry-news/marketing-newsletters/
369,changes to gmail,140,46,0,$0,1,38,https://www.emailonacid.com/blog/article/needs-improvement/whats-new-with-gmail-and-what-does-the-future-hold/
370,main characters to have nothing acid,140,26,0,$0,1,20,https://www.emailonacid.com/blog/article/email-development/the-importance-of-content-type-character-encoding-in-html-emails/
371,weird newsletter,2400,32,0,$3.07,1,18,https://www.emailonacid.com/blog/article/needs-improvement/annoy-email-subscribers/
372,recipients email meaning,50,8,0,$0,1,30,https://www.emailonacid.com/glossary/email-recipient/
373,html to email format,50,35,0,$2.88,18,54,https://www.emailonacid.com/blog/article/email-development/designing-html-emails-for-mobile-devices/
374,funny newsletter articles,260,39,,$0,1,16,https://www.emailonacid.com/blog/article/email-marketing/funny-email-examples/
